Minsk,mʲinsk
Aarhus,ˈɒːhuːˀs
Militsiya,militsʰia
Anime,aɲime
Khulna,ˈkʰulna
Bülach,ˈbylɑχ
Suudu,cuːd̪u
Tonkatsu,tonꜜkatsɯ
Seaxnēat,sæɑksnæːɑt
Croatia,xř̩ʋaːtskaː
Ittoqqortoormiit,itːoqːɔʁtɔːʁmiːt
Albanians,ʃcipˈta:ɾət
Kollam,koɭɭəm
Modena,ˈmɔdnɐ
Trenčín,ˈtrɛntʃiːn
Sighișoara,ˈʃɛɡɛʃvaːr
Morondava,murunˈdav̥
Darna,daɾna
Samanu,symœlˈœk
Toulon,tuˈlun
Zorah,tsoʔra
Ankara,ˈaŋkaɾa
Barcelona,baɾθeˈlona
Algiers,al.ʒe
Maribor,ˈmaːɾibɔɾ
Eta,ˈita
Ghess,ɡʱẽs
Lego,ˈleːɡo
Makogai,makoˈŋai
Yangon,nèpjìdɔ̀
Grasse,ˈɡɾasɔ
Beltane,l̪ˠaː ˈpjaul̪ˠt̪ɪɲ
Podenzano,pudiŋˈsaŋ
Glamorgan,ˈsiːr vɔrˈɡanʊɡ
Cükätaw,ʑykæˈtɑʊ
Ertzaintza,erts̻aɲa
Haryana,ɦərɪˈjaːɳaː
Ceridwen,kɛrˈɪdwɛn
Kosovo,kôsoʋo
Agnolotti,aɲʊˈlɔt
Pétanque,peˈtaŋkɔ
Taupo,ˈtoʊpɔː
Ohrid,ˈɔxrit
Geysir,ˈkeːisɪr̥
Vatnajökull,ˈvaʰtnaˌjœːkʏtl̥
Espoo,ˈɛsːbɔ
Cyprus,ˈkɯbɾɯs
Susa,ˈsuːsa
Tikiġaġmiut,tikeʁɑɴmiut
Montorfano,mũˈtɔrfã
Chufut-Kale,tʃuˈfut qaˈle
Miggiano,mɪʃˈʃaːnʊ
Zealand,ˈɕɛˌlanˀ
Yerevan,jɛɾɛˈvɑn
Poljčane,pɔlˈtʃaːnɛ
Honshu,hoꜜɲɕɯː
Liepāja,liepaːja
IKEA,ɪ²keːa
Ériu,ˈeːrʲu
Roero,rʊˈe
Pardubice,ˈpardubɪtsɛ
Rösrath,ˈʁœs²ˌʁɔt²
Corleone,kʊɾlɪˈuːnɪ
Spain,esˈpaɲa
Osaka,oːsaka
Tekax,teˈkɑʃ
Buda,ˈbudɒ
Ajaccio,aˈjattʃu
Kuvasz,ˈkuvɒs
Guebwiller,ˈkaːviləʁ
Aachen,ɛkslaʃapɛl
Stranraer,ən̪ˠ t̪ʰɾɔːn ˈɾãũ.əɾ
Serbia,repǔblika sř̩bija
Struga,ˈstruɡa
Langor,ɫʌŋɑrˠ
Abbasanta,ˌabaˈzanta
Panevėžys,pɐnʲɛvʲeːˈʑiːs
Pozzuoli,pətˈtsuːlə
Goewin,ˈɡɔɨwɪn
Bergen,ˈbærɡn̩
Helsinki,hɛlsɪŋˈfɔʂː
Janissaries,jeniˈt͡ʃeɾi
Berlin,bɛɐ̯ˈliːn
Kyoto,kʲoːtoꜜɕi
Kópavogur,ˈkʰoːupavɔɣʏr̥
Ezekiel,jəħɛzˈqēl
Baghdad,baɣˈdaːd
Upanishads,ʊpən̪ɪʂəd̪
Huế,hwě
Turku,ˈoːbʊ
Vlaardingen,ˈvlaːrdɪŋə(n)
Gododdin,ɡɔˈdɔðin
Reamker,riːəmkeː
Kinnie,kinːiː
Aoös,ˈvjɔsə
Öçpoçmaq,ˌœɕpɔɕˈmɑq
Nefasit,nɐfasit
Vidzeme,ˈvid̪͡z̪eme
Ushant,wɛsɑ̃
Karate,kaɽati
Elbląg,ˈɛlblɔŋk
Váh,ʋaːx
Greenland,ˈɡʁɶnˌlanˀ
Garonne,"ɡaˈɾunɔ, ɡaˈɾɔnɔ"
Mogadishu,muqaˈdiːʃuː
Hérault,eˈɾaw
Mozzate,muˈtsɑː
Locarno,luˈɡaːrʊs
Apulia,ˈpuʝːə
Hāngi,ˈhaːŋi
Apartheid,aˈpartɦəit
Manila,luŋˈsod nɐŋ majˈnilaʔ
Trasianka,traˈsʲanka
Viveiro,biˈβejɾo
Brittany,bəʁtaɛɲ
Ukrainians,ukrɑˈjinʲtsʲi
Tiraspol,tɪˈrɑspilʲ
Aristotle,aristotélɛːs
Badalona,bəðəˈlonə
Heimskringla,ˈheimsˌkʰriŋla
Whakatane,fakaˈtaːnɛ
Dharma,dʱəɾmə
Zakat,zaˈkaːt alˈmaːl
Druskininkai,ˈdrʊsʲkʲɪnʲɪŋkɐɪ
Abertzale,aberts̻ale
Gazzola,gaˈzoːlɐ
Narbonne,ˈnarboː
Sikhism,ˈsɪkːʰiː
Camorra,kaˈmorrə
Thalassery,θʌlʌsserɪ
Silesia,ɕlonsk
Verbania,verˈbɑnja
Elfstedentocht,ɔlvəˈstɛːdətɔxt
Gujarat,ˈɡudʒəɾɑt
Framura,fɾaˈmyːa
Lugo,ˈluɣu
Azincourt,azɛ̃kuʁ
Ecuador,ekwaˈðoɾ
Bishkek,bʲɪʂˈkʲɛk
Srebrenica,srêbrenitsa
Gipuzkoa,ɡiˈpuθko.a
Oliena,uˈli.ana
Nunavut,ˈnunavut
Troms,trʊms
Alps,ˈáːlpɛ
Adobe,aˈðoβe
Zuzgen,ˈtsʊtsɡə
Alexanderplatz,ʔalɛkˈsandɐˌplats
Rovigo,ɾoˈviɡo
Differdange,ˈdɜɪ̯fɐdeŋ
Żabbar,ħɐzˈzɐbbɐr
Sipahi,sipaːhi
Limoges,liˈmɔdʒes
Vukovar,ʋûkoʋaːr
Thiruvarur,a
Kristiansund,krɪstjɑnˈsʉnː
Turrón,torˈroːne
Piacenza,pi.aˈzəi̯sɐ
Mamer,ˈmaːmɐ
Catullus,kaˈtʊlːʊs
Chilaquiles,tʃilaˈkiles
Toamasina,toˈmasinə̥
Kami,kaꜜmi
Corsica,ˈkɔrsika
Odense,ˈoðˀn̩sə
Bitola,ˈbitɔɫa
Chorizo,ʃo(w)ˈɾisu
Koper,ˈkoːpəɾ
Esch-sur-Alzette,ˌɛʃ ʔan deːɐ̯ ʔalˈzɛt
Kaibu,kaˈimbu
Chernihiv,tɕɪrˈnʲiɡəf
Katakana,ŋ
Aachen,ɛkslaʃapɛl
Ares,árɛːs
Krivichs,krʲɪvʲɪˈtɕi
Slovenia,slɔˈʋèːnija
Martelange,ˈmaːtəl
Eyjafjörður,ˈeːijaˌfjœrðʏr̥
Đakovo,d͡ʑakǒːʋʃtina
Konya,ˈkon.ja
Aloha,əˈlōˌhä
Alsace,ˈɛlzas
Bolivia,wʊlɪwja
Qormi,ħal ʔormi
Mixcoatl,ˈkoːaːt͡ɬ
Procida,ˈprɔːʃətə
Mandalay,màɴdəlé
Vilnius,ˈvʲɪlʲnʲʊs
Hamar,²hɑːmɑr
Theeyal,t̪iːjal
Incheon,intɕʰʌn
Formentera,foɾmenˈteɾa
Ambositra,amˈbusʲʈʂə̥
Haleakalā,ˈhɐlɛˈjɐkəˈlaː
Tezcatlipoca,teskatɬiˈpoːka
Sarzana,sarˈzana
Nantes,ˈnɑ̃wnət
Folschette,fəʊ̯lʃt
Taekwondo,tʰɛ.k͈wʌn.do
Lombardy,lombarˈde.a
Tajikistan,tɔdʒikisˈtɔn
Armenians,hɑˈjɛɾ
Spain,esˈpaɲa
Laigueglia,lejˈɡøjja
Hector,héktɔːr
Pamplona,iɾuɲea
Höðr,hɔðr
Nalukataq,nɐlukɐtɑq
Albariño,aɫvaˈɾiɲu
Samtskhe–Javakheti,sɑmtsʰxɛ dʒɑvaxɛtʰi
Xibalba,ʃiɓalˈɓa
Benevento,bənəˈvjendə
Aachen,ɛkslaʃapɛl
Russenorsk,rʊsʲɪˈnorsk
Sarawak,saˈrawaʔ
Famagusta,gɑːzimɑˈɰusɑ
Pyrenees,piˈɾinioˌak
Mellieħa,ɪl mɛˈlːɪːħɐ
Jurģi,jurɟi
Prienai,prʲɪɛaːɪ
Angola,ɐ̃ˈɡɔlɐ
Kupang,ˈkupaŋ
Sarandë,saˈɾa:ndə
Dubrovnik,dǔbroːʋniːk
Burzum,ˈbʉrt͡sʉm
Olomouc,ɔwɔˈmuɲɛt͡s
Mecca,ˈmakːa
Soleuvre,ˈtsolvɐ
Stuttgart,ˈʒ̊d̥ua̯ɡ̊ɛʕd̥
Olentzero,olents̻eɾo
Paraparaumu,ˈpaɾapaˈɾaʉmʉ
Itzamna,it͡samˈna
Prague,ˈpraɦa
Korçë,kɔɾtʃ
Kutaisi,kʰutʰɑisi
Vinkovci,ʋîːŋkoːʋtsi
Xolotl,ˈʃolot͡ɬ
Haguenau,ˈhaːvənaʊ
Elba,ˈiːzola ˈdelba
Karaoke,kaɾaꜜoke
Khorramshahr,xoræmˈʃæhɾ
Cuauhtémoc,kwauˈtemok
Al-Qaeda,ælqɑːʕɪdɐ
Andalusia,andaluˈθi.a
Zyryanovsk,zәrˈjɑn
Montenegro,tsr̩̂ːnaː ɡɔ̌ra
Hellikon,ˈhɛlːikχə
Friesland,ˈfrislɔːn
Oola,ˈɪvʲlʲə
Finland,ˈfɪnland
Beltane,l̪ˠaː ˈpjaul̪ˠt̪ɪɲ
Netherlands,ˈneːdərlɑnt
Croats,xr̩ʋăːti
Brings,bʁeŋs²
Târgoviște,tɨrˈɡoviʃte
Thimphu,tʰimpʰu
Montferrat,mʊŋˈfrɑ
Savinja,saˈʋìːnja
Nitra,ˈɲitra
Aare,ˈaːrə
Euripides,eu̯.riː.pí.dɛːs
Rēzekne,ˈrɛːzekne
Nijmegen,ˈnɪmβ̞ɛːxə
Kijiji,kiˈʄiʄi
Ermanaric,ˈjɔrmunrekr
Vidin,ˈvidin
Eos,héɔːs
Rogaland,²ruːɡɑlɑn
Helsinki,hɛlsɪŋˈfɔʂː
Marsaxlokk,marsaʃˈlɔk
Qamea,ŋɡaˈmea
Laos,láːw
Kołobrzeg,kɔˈwɔbʐɛk
Tenochtitlan,ˈmexiko tenotʃˈtitlan
Aachen,ɛkslaʃapɛl
Medina,almaˈdiːna
'Nduja,ˈnduːja
Tangail,ʈaŋgail
Afragola,afraˈoːrə
Nesebar,nɛˈsɛbɐr
Pripyat,ˈprɪpjɑtʲ
Völuspá,ˈvœːlʏˌspauː
Minerva,mɪˈnɛr.wa
Glasgow,ˈkl̪ˠas̪əxu
Windhoek,ˈvəntɦuk
Bellinzona,bliˈtsuːnə
Wallonia,vɑˈləʊ̯niə̯n
Aarau,ˈɑːræʊ
Dalmatia,dǎlmaːtsija
Toliara,tuliˈar
Cuggiono,kyˈdʒɔn
Barcelona,baɾθeˈlona
Pesniary,pʲesʲnʲaˈrɨ
Gianduiotto,dʒaŋdʊˈjɔt
Sighișoara,ˈʃɛɡɛʃvaːr
Carcassonne,kaɾkaˈsunɔ
Shagai,ɒʃuq
Pissaladière,piʃalaŋˈdɾeːa
Wuxia,ù.ɕjǎ
Tbilisi,tʰbilisi
Wiglaf,ˈwiːjlɑːf
Septimania,səptiˈmaniə
Ayuntamiento,aʝuntaˈmjento
Mabinogion,mabɪˈnɔɡjɔn
Colmar,ˈkolməʁ
Ternopil,tɛrˈnɔpilʲ
Nagasaki,naɡaꜜsaki
Akmenė,ɐkmæˈːneː
Asti,ˈɑst
Eindhoven,ˈɛintɦoːvə(n)
Bled,ˈbleːt
Cogorno,kuˈguɾnu
Vltava,ˈmɔldaʊ
Lothian,ˈl̪ˠot̪aɲ
Alpignano,alpiˈɲɑŋ
Copparo,kuˈpaːr
Ivano-Frankivsk,iˈβɑnofrɐnˈkiu̯sʲk
Serbs,sr̩̂bi
Moncalieri,mʊŋkaˈle
Tigris,didʒlah
Dangun,tan.ɡun waŋ.ɡʌm
Kemerovo,ˈkʲemʲɪrəvə
Caer,kɑːɨr
Guangzhou,kwàŋ.ʈʂóu
Montpellier,mumpeˈʎɛ
Matera,maˈtæːrə
Hogmanay,ˌhɔɡməˈneː
Bloemfontein,ˈblumfɔntəi̯n
Aruba,aˈruba
Kokles,'kʊ͡ɔk.les
Jörð,jɑrð
Keflavík,ˈcʰɛplaˌviːk
Shturcite,ʃturˈt͡si(ː)tɛ
Lampedusa,lambɪˈɾuːsa
Rossiglione,ɚˈʂᵊʊ̃ɲɲi
Hadsten,ˈhæːˌsden
Circe,kírkɛː
Samtredia,sɑmtʼrɛdiɑ
Jūrmala,juːrmala
Veneto,ˈvɛneto
Leinster,ˈkuːɟə ˈl̪ˠaːjɪnˠ
Shabbat,'ʃa.bəs
Espoo,ˈɛsːbɔ
Aotearoa,aɔˈtɛaɾɔa
Jihad,dʒɪˈhaːd
Vizhinjam,ʋiɻiɲːam
Cesinali,dʒisiˈnɑːli
Marinduque,maɾinˈduke
Levant,ʔalmaʃriq
Aeolus,ˈe.o.los
Kauai,kɐˈwɐʔi
Tzolk'in,t͡sol ˈkʼin
Moneglia,muˈnedʒa
Chiapas,ˈtʃjapas
Crete,'kriti
Dolomites,doɰoˈmiti
Cibi,ˈðimbi
Māngere,ˈmaːŋɛɾɛ
Tao,tâu
Mongols,ˈmɔŋ.ɢɔɮ.t͡ʃʊːt
Alps,ˈáːlpɛ
Morgunblaðið,ˈmɔrkʏnˌplaðɪð
Batumi,bɑtʰumi
Bastia,basˈti.a
Eswatini,ɛswa̯ˈtiːni
Tifinagh,tifinaɣ
Badb,ˈbəiv
Tarn-et-Garonne,ˈtaɾ e ɣaˈɾɔnɔ
Ceranesi,ˈsjaːneʒi
Hapkido,hap̚.k͈i.do
Svislach,ˈɕvislatʃ
Moscow,mɐˈskva
Saverne,ˈd̥sɐːvəʁə
Matamata,ˈmataˌmata
Loiano,luˈjɛŋ
Lutsk,ˈlutsʲk
Homer,hómɛːros
Thiruppugazh,aɾ̪uɳəɡɨɾɨn̪aːd̪ər̪
Hemkosh,hɛmkʊx
Mdina,lɪmˈdɪnɐ
Wiltz,ˈvolts
Lisbon,liʒˈboɐ
Malmö,ˈmalmøːˀ
Kista,ˈɕiːsta
Braille,bʁaj
IJlst,drilts
Legnano,leˈɲãː
Fanorona,fə̥ˈnurnə̥
Padang,ˈpadaŋ
Alps,ˈáːlpɛ
Kangasala,ˈkɑŋŋɑsˌʔɑlɑ
Akhalkalaki,kʰɑlɑkʰi
Reykjavík,ˈreiːcaˌviːk
Copertino,kʊpɪɾˈtiːnʊ
Ainaži,aiːnaʒi
Hiroshima,çiɾoɕima
Botillo,buˈtɛɫu
Harrachov,ˈɦaraxof
Þjazi,ˈθjasːɪ
Kolkata,kolkata
Karma,ˈkərmə
Travo,træːv
Euclid,eu̯.klěː.dɛːs
Stirling,ˈs̪t̪ɾuʝlə
Boer,buːr
Hiriq,χiˈʁik
Ookpik,ukˈpik
Bulgarians,'bɤɫɡɐri
Giulianova,ˈdʒiʝʝə
Geats,ˈjøːtar
Pākehā,ˈpaːkɛhaː
Fulaga,fuˈlaŋa
Brussels,ˈbrʏsəl
Lyon,ʎjɔ̃
Cerkno,ˈtseːɾknɔ
Valletta,ˈvɐlɛ.tɐ
Shagai,ɒʃuq
Kitfo,kɨtfo
Sirkazhi,ˈsiːrkaːɻiː
Solofra,suˈloːfrə
Almaty,ɐlmɐˈtɨ
Mezzani,(a)mˈzaŋ
Háttatal,ˈhauʰtaˌtʰaːl
Gulag,ɡʊˈlak
Masone,maˈzuŋ
Aukštaitija,ɐukʃˈtɐǐːtʲɪjɐ
Iceland,ˈistlant
Koi,ɲiɕi̥kiꜜɡoi
Mogok,mɤ́ŋ kut
Bari,ˈbæːrə
Umngqusho,umŋǃʱuʃo
Talgar,tɑlˈʁɑr
Demeter,dɛːmɛ́ːtɛːr
Vantaa,ˈʋɑntɑː
Prato,ˈpraːto
Cēsis,tseːsis
Mayahuel,maˈjawel
Vatoa,βaˈtoa
Benfeld,ˈbanfalt
Birgu,ɪlˈbɪrɡʊ
Kallissery,kalliɕeːɾi
Cerignola,tʃərəɲˈɲɔwlə
Cuitláhuac,kʷiˈt͡ɬaːwak
Paarl,ˈpæːrəl
Mictēcacihuātl,mik.teː.ka.ˈsí.waːt͡ɬ
Barcelonnette,baʁsəlɔnɛt
Taveuni,taweuni
Kaalan,kaːɭan
Terrone,terˈroːne
Mtskheta,mtsʰxɛtʰɑ
Cerberus,ˈkerberos
Uitenhage,œitənˈɦɑːχə
Spain,esˈpaɲa
Axayacatl,aksaˈʝakatɬ
Cavite,käˈbitɛː
Sanskrit,sə̃skr̩t̪əm
Wiranto,wiˈranto
Tuva,tʰɯˈʋa resˈpʰuplika
Buskerud,²bʉskərʉːd
Antananarivo,tananaʁiv
Waragi,ˈwaɾaɡi
Žilina,ʒɨˈlina
Bascharage,ˈnidɐˈkɛːə̯ʒeŋ
Bayonne,baiona
Khorovod,karaˈɣot
İncirlik,indʒiɾˈlik
Esch-sur-Sûre,ˌɛʃˈzaʊ̯ɐ
Gazpacho,ɡaʰˈpːa(t)ʃo
Toulouse,tuˈluzɔ
Tallinn,ˈtɑlʲˑinˑ
Varna,ˈvarna
Yugoslavia,juɡɔˈsɫavija
Šabac,ʃâbat͡s
Črneče,tʃəɾˈneːtʃɛ
Chorizo,ʃo(w)ˈɾisu
Askja,ˈascja
Rheged,ˈr̥ɛɡɛd
Segrate,seˈɡrɑː
Azores,ɐˈsoɾɨʃ
Chernobyl,10 mi
Swansea,Abɛrˈtawɛ
Cospicua,ˈbɔrmlɐ
Centzonhuītznāhua,sent͡sonwiːtsˈnaːwtin
Baybayin,baɪˈbaɪjɪn
Gjilan,ɟilani
Hekla,ˈhɛʰkla
Arianrhod,arˈjanr̥ɔd
Bangkok,krūŋ tʰêːp mahǎː nákʰɔ̄ːn
Chifeng,ʊlaːnxad xɔt
Abensberg,ˈaːbənsˌbɛʁk
Malayalam,maləjaːɭəm
Antsiranana,antsʲˈraŋanə̥
Kosovo,kôsoʋo
Basques,bask
Kiev,ˈkʲi(j)ɪf
Hindeloopen,ˈhiːəlpən
Turrón,torˈroːne
Bamberg,ˈbambɛɐ̯k
Pizzoccheri,piˈtsɔker
Tehran,tʰehˈɾɒːn
Ajaccio,aˈjattʃu
Vereeniging,fəˈrɪənəχəŋ
Bundestag,ˈbʊndəstaːk
Áine,ˈaːnʲə
Gangneung,kaŋ.nɯŋ
Arbroath,ˈopəɾ ˈvɾo.ɪkʲ
Cheb,ˈxɛp
Fidalgo,fiˈðalɣo
Pyrenees,piˈɾinioˌak
Loki,ˈlɔːkɪ
Mýrdalsjökull,ˈmirtalsˌjœːkʏtl
Leeuwarden,ˈʎɔːw(ə)t
Shogi,ɕo̞ːŋi
Marostica,maˈɾɔsteɡa
Anina,'anina
Betroka,ˈbeʈʂu̥k
Aragon,əɾəˈɣo
Roskilde,ˈʁʌskilə
Zionism,t͡sijo̞ˈnut
Augsburg,ˈaʊ̯ksbʊʁk
Hordaland,²hɔrdɑˌlɑn
Ngaruawahia,ŋaːɾʉaˈwaːhia
Sisak,ˈsisɛk
Hrsta,ɦr̩ʂʈa
Chimichurri,tʃimiˈtʃuri
Soccsksargen,sokˈsardʒɛn
Ajdovščina,ˈaːi̯dɔu̯ʃtʃina
Mazsalaca,ˈmɑsːɑlɑtsɑ
Asterix,asteʁiks lə ɡolwa
Iqaluit,iqaːluit
Alicante,alaˈkant
Albania,ɾɛpuˈblika ɛ ʃcipəˈɾiːsə
Casina,kaˈzɛi̯na
Shahnameh,ʃɒːhnɒːˈme
Schifflange,ˈʃəflæŋ
Gers,dʒɛɾs
Simaxis,siˈmaɣis
Biarritz,ˈbjarits
Zagazig,ez.zæɡæˈziːɡ
Peshmerga,peːʃmɛɾˈɡɛ
Igloolik,iɣluː'liːk
Chișinău,kiʃiˈnəw
Terrone,terˈroːne
Axayacatl,aksaˈʝakatɬ
Perlé,ˈpɛːʀəl
Citlālicue,ilamaːˈteːkʷtɬi
Nuuk,ˈnuːɡ
Calangianus,kalanˈdzanos
Chiasso,ˈtʃas
Ratu,ˈandʒi
Gomel,ˈɡomʲɪlʲ
Kanhangad,kɑːɲʌŋɑːɖ
Aedile,ae̯ˈdiː.lɪs
Szczecin,stɛˈtiːn
Czechs,ˈtʃɛʃka
Shpola,ˈʃpɔɫɑ
Saaremaa,ˈsɑːremɑː
Cosenza,kuˈsɛndzə
Kimchi,kim.tɕʰi
Porvoo,ˈbɔrːɡoː
Jayadeva,dʒəjəˈd̪eːʋə
Sumy,ˈsumɨ
Mayotte,maˈore
Inverclyde,iɲiɾʲˈxlˠ̪uəj
Aachen,ɛkslaʃapɛl
Juche,tɕutɕʰe
Poland,ʐɛt͡ʂpɔˈspɔlita ˈpɔlska
Bengal,bɔŋgo
Terengganu,tərəŋɡanu
Naadam,ˈnaːdəm
Navarre,nafaroako foɾu komunitatea
Azerbaijan,ɑːzæɾbɑjˈd͡ʒɑn ɾespublikɑˈsɯ
Ferrara,ˈfraːra
Lithuania,lʲɪɛtʊˈvɐ
Burgas,burˈɡas
Uzhhorod,ˈuʒɦɔrɔd
Dundee,ˈt̪uːn tʲeː
Sabah,saˈbah
Japan,ɲihoɴ
Mondovì,əl mʊŋdˈvi
Cambodia,prĕəh riə.ciə.naː.caʔ kam.pu.ciə
Aruba,aˈruba
Tricarico,trəˈkæːrəkə
Sandhi,sən̪d̪ʱi
Avezzano,avedˈdzɑːnə
Kugel,ˈkʊɡl̩
Edinburgh,ˈt̪uːn ˈeːtʲən̪ˠ
Mogadouro,muɣɐˈðawɾu
Inuktitut,inuktiˈtut
Bangladesh,ˈbaŋladeʃ
Apulia,ˈpuʝːə
Aachen,ɛkslaʃapɛl
Afghanistan,avɣɒnesˈtɒn
Nîmes,ˈnimes
Konglish,han.ɡu.ɡʌ.ɕik̚ jʌŋ.ʌ
Baekje,pɛk̚.t͈ɕe
Tej,ˈtʼədʒ
Scotland,ˈal̪ˠapə
Kozhikode,koːɻikːoːɖ
Astana,ɐstɐˈna
Gudauta,gudɑutʰɑ
Culhwch,kʉlˈhuːχ
Gebrochts,gɛˈbrɔxts
Visayas,kabiˈsɐjaʔan
Vercingetorix,wɛrkɪŋˈɡɛtɔrɪks
Denmark,ˈdanmɑɡ
Kecak,ˈketʃaʔ
Šiauliai,ɕɛʊ̯ˈlʲɛɪ̯ˑ
Avial,aʋijal
Aeneid,ae̯ˈneːɪs
Vadodara,ʋəˈɽodəɾa
Ružomberok,ˈruʒɔmbɛrɔk
Cologne,ˈkœlə
Sumvitg,sumvitɕ
Sacile,saˈtsil
Cardiff,"kairˈdiːð, kɑːɨrˈdɨːð"
Warsaw,varˈʂava
Gossolengo,usˈləi̯g
Quetta,kʷɛʈə
Fribourg,ˈfrib̥ʊrɡ̊
Soju,so.dʑu
Cammag,kʰamaɡ
Koprivshtitsa,koˈprifʃtit͡sɐ]
Dhaka,ɖʱaka
Rome,ˈroːma
Surabaya,suraˈbaja
Aegisthus,ǎi̯ɡistʰos
Indonesia,rɛpublik ɪndoneˈsia
Honolulu,honoˈlulu
Mulhouse,mɪlˈyːzə
Amitābha,əmiˈt̪aːbʱə
Rodano,ˈrøːdĩ
Kīlauea,tiːlɐwˈwɛjə
Virovitica,ʋirɔʋǐtit͡sa
Rotorua,ˌɾɔtɔˈɾʉa
Filioque,filiˈɔkwe
Seveso,ˈseːʋes
Ayuntamiento,aʝuntaˈmjento
Kobarid,kɔbaˈɾiːt
Bulgaria,rɛˈpublikɐ bɐɫˈɡarijɐ
Scuol,ˈʃkwol
Abakan,ɐbɐˈkan
Dublin,ˈbˠalʲə aːhə ˈclʲiə; ˌbʲlʲaː ˈclʲiə
Pembrokeshire,ˈsiːr ˈbɛnvrɔ
Pērkonkrusts,ˈpæːr.kuɔn.krusts
Opfikon,ˈopfikxə
Poltava,pɐlˈtavə
Philippines,ˌfɪlɪˈpinɐs
Gitanjali,git̪ɑːnd͡ʒoli
Rovaniemi,ˈroʋɑniemi
Poti,pʰɔtʰi
Trondheim,ˈtrɔnhæɪm
Majuro,mʲæzʲ(ɛ͡ʌ)rˠɤ͡oo̯
Enscherange,ˈæːɪ̯ʃɐ
Hiragana,ŋ
Pécs,peːt͡ʃ
Taliesin,talˈjɛsɪn
Arabs,ˈʕarab
Sengunthar,sɛŋkʊnʈɻ
Latin,ˈlɪŋɡʷa laˈtiːna
Manado,maˈnado
Kobuleti,kʰɔbulɛtʰi
Mitmita,mitʼmitʼa
Korrigan,kɔˈriːɡɑ̃n
Aeschylus,ai̯s.kʰý.los
Haiti,ajiti
Tokyo,toːkʲoː
Kartli,kʰartʰli
Baku,bɑˈcɯ
Kathiawar,kaʈʰijaʋaɽ
Como,ˈkum
Ramayana,rɑːˈmɑːjəɳəm
Nongqawuse,noŋ̈͡ǃawuːse
Hungary,ˈmɒɟɒrorsaːɡ
Andorra,ənˈdorə
Collegno,kʊˈlɛɲ
Tirana,tiˈɾana
Cihuacōātl,siwaˈkoːaːt͡ɬ
Debarwa,dɨbarwa
Cuitláhuac,kʷiˈt͡ɬaːwak
Uummarmiutun,uːm.mɑʁ.mi.u.tun
Txakoli,tʃakoˈli
Floridia,"/çʊ'ɾiɖɖɪa/, /tʃʊ'ɾiɖɖɪa/"
Sopron,ˈʃopron
Pogradec,pɔˈɡɾaˈdɛc
Wallonia,vɑˈləʊ̯niə̯n
Verbania,verˈbɑnja
Fortaleza,fɔɦtaˈlezɐ
Abbottabad,ɛːbʈaːˈbaːd
Rijksmuseum,ˈrɛiksmyˌzeːjʏm
Qikiqtarjuaq,qikiqtaʁjuˈaq
Artemis,ár.te.mis
Brasília,bɾaˈziljɐ
Perpignan,pəɾpiˈɲa
Bacău,baˈkəw
Naples,ˈnɑːpulə
Caodaism,and
Kanji,kã̠ɴʑi
Banba,ˈbˠanˠəvˠə
Trier,tʁɛv
Sassuolo,saˈsoːl
Kanacea,kanaˈðea
Pesto,ˈpesto alla dʒenoˈveːze; -eːse
Bettola,ˈbetulɐ
Helsingør,hɛlseŋˈøɐ̯ˀ
Noertzange,ˈnɛːə̯tseŋ
Haole,ˈhɔule
Nicosia,lefˈkoʃa
Basques,bask
Hedeby,ˈheːð̩byːˀ
Sofia,ˈsɔfijə
Hatari!,hɑtɑri
Pauatahanui,ˈpaʉatahanʉi
Sushi,sɯɕiꜜ
Turkmenistan,tyɾkmeniˈθtɑn
Mictlāntēcutli,mik.t͡ɬaːn.ˈtéːkʷ.t͡ɬi
Stellenbosch,ˈstɛlənbɔs
Vojvodina,ˈvɒjdɒʃaːɡ
Bauhaus,ˈʃtaːtlɪçəs ˈbaʊˌhaʊs
Haab',haːɓ
Abergavenny,ə ˈvɛnɪ
Strasbourg,ˈʃtʁaːsbʊɐ̯k
Bornholm,bɒːnˈhʌlˀm
Jericho,ʔaˈriːħaː
Savoy,zaˈvɔʏ̯ən
Nihoa,niˈhowə
Isan,ʔīː.sǎːn
Teramo,ˈtɛːrəmə
Tapiola,tɑpiolɑ
Kalvaryja,kʌlʲˈvarɨja
Aristophanes,aristopʰánɛːs
Aruba,aˈruba
Alhambra,ʔælħæmˈɾˠɑːʔ
Guangzhou,kwàŋ.ʈʂóu
Haaretz,of Israel
Vicenza,viˈtʃeŋsa
Madagascar,republiˈkʲan madaɡasˈkʲarə̥
Calangianus,kalanˈdzanos
Campobasso,ˌkambuˈwaʃʃə
Guimaras,ɡimaˈɾas
Uxmal,óˑʃmáˑl
Kurapaty,kuraˈpatɨ
Florence,fiˈrɛntse
Azerbaijan,ɑːzæɾbɑjˈd͡ʒɑn ɾespublikɑˈsɯ
Riyadh,er.rɪˈjɑːðˤ
Arizona,ˡaɺi ˡʂonak
Bethlehem,bɛːtʰle.ém
Bærum,²bæːrʉm
Piedmont,pjeˈmʊŋt
Ourense,oˈɾense
Cluj-Napoca,ˈkoloʒvaːr
Cicero,ˈmaːr.kʊs ˈtʊl.lɪ.ʊs ˈkɪ.kɛ.roː
Oman,ʕʊˈmaːn
Donetsk,dɐˈnʲɛtsk
Petržalka,ˈpɛtr̩ʒalka
Oslo,"²ʊslʊ, ˈʊʂlʊ"
Ġbejna,ˈd͡ʒbɛjnɐ
Dmanisi,dmɑnisi
Vänern,ˈvɛːnɛɳ
Eilat,eˈlat
Madhvacharya,məd̪ʱʋɑːˈtʃɑːrjə
Suez,esseˈweːs
Liliʻuokalani,liˌliʔuokəˈlɐni
Vṛddhi,ˈʋr̩d̪d̪ʰi
Zagreb,zǎːɡreb
Finnmark,ˈfɪnmɑrk
Albi,ˈalβi
Slovakia,ˈslɔʋɛnskɔ
Monza,ˈmũːʃa
Tsiroanomandidy,tsiˌronʷmanˈdidʲ
Cairo,ælˈqɑːheɾa
Aachen,ɛkslaʃapɛl
Vanadzor,vɑnɑˈdzɔɾ
Halych,ˈɦɑlɪtʃ
Mārtiņi,mɑːrt̪iɲi
Sharia,ʃaˈriːʕa
Kugluktuk,quʁluqtuq
Senglea,ˈlɪslɐ
Limerick,ˈl̪imʲɨnʲəx
Terrone,terˈroːne
Kedah,kəˈdɑh
Tathāgata,t̪əˈt̪ʰɑːɡət̪ə
Chinthe,sàːŋ si
Postojna,pɔˈstoːi̯na
Monselice,moŋˈseɰeze
Gampaha,gam ɭpaha
Oltenia,olˈteni.a
Yaxchilan,ʝaʃtʃiˈlan
Zolitūde,ˈzɔlituːde
Rooibos,rɔːibɔs
Dudelange,ˈdidəleŋ
Brunate,bryˈnɑː
Tampere,tamɛrˈfɔʂː
Schiltigheim,ˈʃelikə
Guitiriz,ɡitiˈɾiθ
Kyushu,kʲɯːꜜɕɯː
Medina,almaˈdiːna
Vangaindrano,vaŋɡeɳˈɖʐanʷ
Mahjong,mǎ.tɕjâŋ
Mozzarella,muttsaˈrɛllə
Halakha,haˈloχo
Whānau,ˈfaːnaʉ
Capri,ˈkɑːpri
Vatomandry,vatʷˈmanɖʐʲ
Mecca,ˈmakːa
Keirin,keːɾiɴ
YIVO,ˈjidiʃɛr ˈvisən.ʃaftlɛχɛr instiˈtut
Saudade,sawˈðaðe
Camprodon,kəmpɾuˈðon
Lillehammer,ˈlɪl̥əhɔmɔr
A-ha,ɑˈhɑː
Chandrayaan-1, t͡ʃʌnd̪ɾʌːjaːn
Mezcal,iʃˈkalːi
Kayseri,ˈkajseɾi
Birkerød,ˈbiɐ̯ɡəʁøːˀð
Manama,elmɐˈnɑːmɐ
Terezín,ˈtɛrɛziːn
Fiji,ˈβitʃi
Antanifotsy,antaniˈfutsʲ
Naigani,naiˈŋani
Mañón,maˈɲoŋ
Gorizia,ɡɔˈɾìːtsa
Qawra,ʔawra
Whakapapa,ˈfakapapa
Matera,maˈtæːrə
Generalitat,ʒənəɾəliˈtat
Aikido,aikiꜜdoː
Cologne,ˈkœlə
Myanmar,mjəmà
Gdynia,ˈɡdɨɲa
Russia,rɐˈsʲijskəjə fʲɪdʲɪˈratsɨjə
Bilbao,bilβo
Hawaii,həˈvɐjʔi
Ajaccio,aˈjattʃu
Lassi,ləsiː
Waikanae,ˈwaikaˈnaɛ
Basques,bask
Muesli,ˈmyːsliː
Pfastatt,pfɔʃt
Kattegat,²katːɛˌɡat
Telavi,tʰɛlɑvi
Edirne,eˈdiɾnɛ
Martenitsa,ˈmartɛnit͡sa
Saint-Brieuc,sãnt ˈbriːɛk
Gylfaginning,ˈcɪlvaˌcɪnːiŋk
Rhône,ˈrɔze; ˈʀɔze
Noli,ˈnɔːi
Pleven,ˈplɛvɛn
Besenzone,bziŋˈsoŋ
Tórshavn,ˈtoɐ̯ˀshɑwˀn
Provence,pʀuˈvɛnsɔ
Lugano,lyˈɡãː
Seth,ˈʃiːθ
Miķeļi,miceʎi
Ytterby,²ʏtːɛrˌbyː
Geneva,dʒiˈneːvra
Vimioso,bimiˈoz̺u
Moin,ˈmoin
Moin,ˈmoin
Hradčany,ˈɦratʃanɪ
Andrianampoinimerina,anˈɖʐianˌmpuʲnˈmerʲnə̥
Xunantunich,ʃunanˈtunitʃ
Lučenec,ˈlutʃɛɲɛts
Pahonia,paˈɣonʲa
Laucala,lauˈðala
Gwynedd,ˈɡʊɨnɛð
Yañalif,jʌŋɑˈlif
Guinea-Bissau,ʁeˈpublikɐ dɐ ɡiˈnɛ biˈsaw
Fedayeen,fɪdaːʔɪjiːn
Meuse,ˈmaːs
Macha,ˈmaxə
Lakeba,laˈkemba
Gemütlichkeit,ɡəˈmyːtlɪçkaɪt
Caransebeș,ˈkɒraːnʃɛbɛʃ
Shanghai,zɑ̃.hɛ
Rheinfelden,ˈriːfæld̥ə
Cairo,ælˈqɑːheɾa
Zumaia,s̻umaja
Ġgantija,dʒɡanˈtiːja
Akhaltsikhe,ɑxɑltsʰixɛ
Mueang,məŋ˦
Heliand,ˈheːljand
Muscat,ˈmasqatˤ
Chojnów,ˈxɔjnuf
Santhià,saŋˈtʃɑ
Suriname,reːpyˌblik syːriˈnaːmə
Masaniello,masaˈnjellə
Vigan,ˈbigän
Dijon,diʒɔ̃
Ehecatl,eʔˈeːkatɬ
Kaniv,ˈkɑnʲiu̯
Brașov,braˈʃov
Carmagnola,karmaˈɲɔla
Siniscola,θiniˈskɔle
Eyjafjallajökull,ˈeiːjaˌfjatl̥aˌjœːkʏtl̥
Ādityahṛdayam,aːd̪ɪt̪jəhṛd̪əjəm
Khaan,χaːŋ
Dravograd,ˈdɾaːʋɔɡɾat
Sceafa,ʃæːɑvɑ
Amate,ˈaːmat͡ɬ
Aix-en-Provence,ɛks
Katpadi,kaːtpaːdi
Forlì,furˈlɛ
Bavaria,ˈfʁaɪʃtaːt ˈbaɪɐn
Savoy,zaˈvɔʏ̯ən
Afghanistan,avɣɒnesˈtɒn
Bonn,bɔn
Ayyavazhi,əjːaːvəɻi
Tezpur,tɛspuɹ
Glasnost,ˈɡɫasnəsʲtʲ
Ayrshire,ˈʃirˠəxk iɲiˈɾʲaːɾʲ
Rosmalen,rɔsˈmaːlə(n)
Kraków,ˈkrakuf
Bettembourg,ˈbeːtəbuːə̯ɕ
Liguria,liˈɡyːɾja
Gothenburg,jœtɛˈbɔrj
Diekirch,ˈdiːkʀæɕ
Thiruvananthapuram,t̪iruʋənən̪t̪əpurəm
Perkele,ˈperkele
Ukiyo-e,s
Zuccarello,sykaˈɾeː
Valencia,vaˈlensia
Alps,ˈáːlpɛ
Portici,ˈpwortə(t)ʃə
Simcha,ˈsɪmχə
Maroantsetra,maronˈtseʈʂə̥
Nice,ˈnittsa
Gyumri,ɡjumˈɾi
Navarre,nafaroako foɾu komunitatea
Vodka,ˈvotkə
Pintsch,pənʃ
Kuujjuaq,kuːjːuɑq
Pontevedra,ponteˈβeðɾa
Kaišiadorys,kɐɪɕɛˈdôːrʲiːs
Hávamál,ˈhauvaˌmaul̥
Pontenure,poŋtˈnyːr
Harappa,ɦəɽəppaː
Kagoshima,ka̠ɡ̃o̞ɕima̠
Demchugdongrub,tɪmt͡ʃʰəktɔŋrəw
Selangor,s(ə)laŋo(r)
Bacoor,bakoʔˈoɾ
Uzbekistan,ozbekiˈstɒn
Riddarfjärden,²rɪdːarˌfjæːɖɛn
Trojane,tɾɔˈjaːnɛ
Irssi,ˈirs.si
Sisak,ˈsisɛk
Antsirabe,anˌtsiraˈbe
Abhean,avʲen
Languedoc,ˌleŋɡɔˈðɔ(k)
Huancayo,wɐŋˈkæjuː
Shambuko,ʃambukʼo
Paella,paˈeʎa
Sultan,"sʊlˈtˤɑːn, solˈtˤɑːn"
Chaac,t͡ʃaːhk
Chernivtsi,tʃɛrniu̯ˈtsʲi
Bayonne,baiona
Extremadura,eʰtːɾemaˈuɾa
Capoeira,kapuˈejɾɐ / kapwˈɐjɾɐ
Lecco,ˈlɛk
Casorezzo,kazuˈesu
Cluj-Napoca,ˈkoloʒvaːr
Nanook,naˈnuq
Żejtun,ɪzˈzɛjtʊn
Beqa,mbeŋɡa
Prešov,ˈprɛʃɔʊ̯
Andorra,ənˈdorə
Girona,xeˈɾona
Dravuni,ndraˈβuni
Ihosy,iˈusʲ
Trnava,ˈtr̩naʋa
Adjara,at͡ʃʼaris avtʼɔnɔmiuri rɛspʼublikʼa
Helvetii,hɛɫˈweː.tjiː
Faeto,faˈjet
Bonassola,bunaˈsøːa
Kobe,koːꜜbe
Kaunas,ˈkɐʊˑnɐs
Bordeaux,buɾˈðɛw
Inuinnaqtun,inuinːɑqtun
Hti,tʰi˦
Thika,ˈθika
Erode,iːroːɽɯ
Copenhagen,købm̩ˈhɑwˀn
Hanukkah,ˈχanikə
Iran,ʔiːˈɾɒːn
Hogmanay,ˌhɔɡməˈneː
Panettone,paneˈtũː
Muhammad,muħammad
Daejeon,tɛ̝.dʑʌn
Akhal-Teke,axalˈteke
Grugliasco,ɡryˈjɑsk
Ankara,ˈaŋkaɾa
Dyfed,'dəvɛd
Dinan,ˈdinãn
Brazil,bɾaˈziw
Colombia,koˈlombja
Busan,pu.sɐn
Svendborg,ˈsvɛnbɒːˀ
Volodymyr,wɔlɔˈdɪmɪr
Suliko,sulikʼɔ
Angola,ɐ̃ˈɡɔlɐ
Shiraz,ʃiːˈrɒːz
Vietnam,vîət nāːm
Luxor,ˈloɡsˤor
Vercelli,vərˈsɛj
Stidda,ˈstiɖːa
Gimpo,kim.pʰo
Svietlahorsk,sʲvʲetɫaˈɣorsk
Fukuoka,ɸɯ̥kɯꜜoka
Hanoi,hàː nôjˀ
Triglav,ˈtɾiːɡlau̯
Saqqara,sɑʔˈʔɑːɾɑ
Ukraine,ukrɑˈjinɑ
Yakuza,ɲiŋkʲoː dantai
Figueres,fiˈɣeɾəs
Lezhë,ˈlɛʒə
Tết,təːt˧˥
Beinasco,bejˈnɑsk
Oravița,oˈravit͡sa
Durrës,duˈrattso
Prasāda,prəsaːd̪a
Heerenveen,ət ˌjɛrn̩ˈfɪən
Tortona,tʊrˈtɔŋa
Kalevala,ˈkɑle̞ʋɑlɑ
Þingvellir,ˈθiŋkˌvɛtlɪr̥
Gulbis,ˈɡuɫbis
Vohemar,iaˈraŋə̥
Piešťany,ˈpɪ̯ɛʃcani
Pathiri,patː̪iɾi
Serbia,repǔblika sř̩bija
Aberdeen,opəɾ ˈɛ.ɛɲ
Heimaey,ˈheiːmaˌei
Yiddish,ˈɪdɪʃ
Cyclades,kikˈlaðes
Arles,ˈaʀle
Welkom,ˈvɛlkɔm
Rennes,ˈrwaːzən
Gelert,ˈɡɛlɛrt
Gazpacho,ɡaʰˈpːa(t)ʃo
Košice,ˈkɔʃitsɛ
Turku,ˈoːbʊ
Oberkorn,ˈuːə̯vɐkuːə̯
Kamikaze,kamiꜜkaze
Bergamo,ˈbɛrɡɛm
Taunggyi,wéŋ tɔ̀ŋ kjí
Chorizo,ʃo(w)ˈɾisu
Rila,ˈriɫɐ
Asturias,asˈtuɾjes
Roquefort,ˌrɔkɔˈfɔɾt
Catanzaro,katanˈtsaːɾʊ
Akureyri,ˈaːkʰʏrˌeiːrɪ
Vimercate,ʋimerˈkɑː
Aden,"ˈʕæden, ˈʕædæn"
Johannesburg,jʊəˈɦanəsbœrχ
Guernica,ɡerˈnika
Hanja,ha(ː)nt͈ɕa
Saeima,ˈsa.ɛi.ma
Eurystheus,eu̯rystʰěu̯s
Camogli,kaˈmudˑʒi
Lleida,ˈleɾiða
Belišće,bɛ̌liːʃtɕɛ
Pétange,ˈpɜɪ̯teŋ
Corinth,ˈkorinθos
Isfahan,esfæˈhɒːn
Suva,ˈsuβa
Benguet,beŋˈɡet
Sikh,sɪkkʰ
Bayonne,baiona
Kyrenia,ˈɟiɾne
Cusco,ˈqɔsqɔ
Damascus,dɪˈmɪʃeʔ
Portofino,ˌpɔɾtuˈfiŋ
Kattegat,²katːɛˌɡat
Madeira,"mɐˈðejɾɐ, -ˈðɐj-"
Alghero,ləlˈɣe
Bacab,ɓaˈkaɓ
Mahajanga,maːˈdzaŋɡə̥
Tacloban,tɐkˈloban
Fribourg,ˈfrib̥ʊrɡ̊
Luxembourg,ˈlətsəbuə̯ɕ
Gilfaethwy,ɡɪlˈvɛɨθʊɨ
Porus,porus
Plzeň,ˈpl̩zɛɲ
Brussels,ˈbrʏsəl
Kauniainen,ˈkɑuniˌɑinen
Roncesvalles,ʁɔ̃s(ə)vo
Gödöllő,ˈɡødølløː
Aude,ˈawðe
Brno,bʁʏn
Aveyron,abajˈɾu
Meteņi,met̪eɲi
Landmannalaugar,ˈlan̥tmanːaˌløiɣar̥
Tatmadaw,taʔmədɔ̀
Mit'a,ˈmɪˌtʼa
Q'uq'umatz,qʔuː qʔuːˈmats
Hokkaido,hokkaꜜidoː
Akulliq,akulːiq
Aristotle,aristotélɛːs
Hebrides,ˈĩːʃə ˈkaul̪ˠ
Bogense,ˈboːwənsə
Bokmål,"...] is in its most common variety looked upon as reflecting formal middle-class urban speech, especially that found in the eastern part of Southern Norway [sic"
Krugerrand,ˈkryχərˌrant
Kouign-amann,ˌkwiɲ aˈmãn
Našice,naʃitsɛ
Malmö,ˈmalmøːˀ
Bagan,bəɡàɴ
Chechnya,tɕɪˈtɕɛnskəjə rʲɪˈspublʲɪkə
Shōgun,ɕoːɡɯɴ
Latvia,ˈlatvija
Delphi,ðelˈfi
Guglionesi,wi.əˈniːʒə
Denpasar,denˈpasar
Colombo,koɻumbu
Cuneo,kɔni
Tartu,ˈtɑrtˑu
Kelantan,kəˈlantan
Alicante,alaˈkant
Amritsar,əmːɾɪtsəɾ
Hunedoara,ˈvɒjdɒhuɲɒd
Zvolen,ˈzʋɔlɛn
Porvoo,ˈbɔrːɡoː
Adobe,aˈðoβe
Sąjūdis,ˈsâːjuːdʲɪs
Għaxaq,ħal aːʃaʔ
Skopje,ˈskɔpjɛ
Palembang,palɛmˈbaŋ
Kazakhstan,kəzɐxˈstan
Bordeaux,buɾˈðɛw
Finland,ˈfɪnland
Hrothgar,ˈr̥oːðgɑːr
Guingamp,ˈɡwɛnɡãmp
Geneva,dʒiˈneːvra
Rustenburg,ˈrœstənbœrχ
Haifa,"χei̯ˈfa, ˈχai̯fa"
Medan,meˈdan
Nowruz,nouˈɾuːz
Devanagari,deːʋˈnaːɡri
Tetritsqaro,tʰɛtʰritsʼqʼɑro
Tarndanyangga,1
ABBA,²abːa
Vestmannaeyjar,ˈvɛstmanːaˌeiːjar
Khuushuur,t͡ɕɪbʊˈrʲek
Hualālai,huwəˈlaːlɐi
Mestia,mɛstʼiɑ
Karachi,kəˈraːtʃi
Ganges,ˈɡəŋɡaː
Laysan,kɔuˈoː
Galhinna,ɡalˈhinnəj
Quran,c
Esperantujo,esperanˈtio
Peru,pɪɾʊw
Aalen,ˈaːlən
Rustavi,rustʰɑvi
Sake,sake
Bicerin,bitʃeˈriŋ
Avoriaz,ˈavoʁi
Brașov,braˈʃov
Knesset,ha keˈneset
Lutefisk,ˈlipeæˌkɑlɑ
Sashimi,saɕi̥mi
Uummarmiut,uːm.mɑʁ.mi.ut
Nordland,²nuːrlɑn
Coyolxāuhqui,kojoɬˈʃaːʍki
Arabic,ʕaraˈbij
Yaoi,ja.o.i
Livigno,liˈʋiɲ
Svalbard,ˈsʋɑ(ː)lbɑːɾ
Foggia,ˈfɔddʒə
Nadi,ˈnand͡ʒi
Hilversum,ˈɦɪlvərsʏm
Pe̍h-ōe-jī,peʔ˩ u̯e˩ d͡ʑi˨
Aguardiente,agwɐʁˈdẽtʃi
Mandritsara,maɳɖʐiˈtsarə̥
Puttu,ˈputtu
Goguryeo,ko.ɾjʌ
Fuero,foɾu
Riga,ˈriːɡa
Trbovlje,təɾˈbɔ̀ːwljɛ
Oirats,ɔiˈrɑt
Shanghai,zɑ̃.hɛ
Samba,ˈsɐ̃bɐ
Mahjong,mǎ.tɕjâŋ
Sélestat,selɛsta
Jueteng,wɛtɛŋ
Aegina,ˈeʝina
Flanders,ˈflandɐn
Álava,aˈɾaβa
Caserta,kaˈsertə
Llandaff,ɬanˈdaːv
Bucharest,bukuˈreʃtʲ
Honduras,onˈduɾas
Çük,ɕuq
Sardinia,saɾˈdinja
Basel,baziˈlɛːa
Abadín,aβaˈðiŋ
Desi,d̪eːsi
Chernobyl,10 mi
Kragujevac,krǎɡujeʋats
Vest-Agder,²vɛstˌɑɡdər
Buuz,ˈbʊːt͡s(ɐ)
Neunhausen,ˈneŋsən
Mzungu,m̩ˈzuŋɡu
Aachen,ɛkslaʃapɛl
Ūsiņš,uːs̪iɲʃ
Xōchipilli,ʃu˕ːt͡ʃiˈpiɬːi
Hanko,ˈhɑŋko
Vernasca,(lɐ) vɐrˈnaskɐ
Kočani,ˈkɔtʃani
Sarajevo,sǎrajeʋo
Wairarapa,ˈwaiɾaɾapa
Samhain,ˈs̪ãũ.ɪɲ
Biarritz,ˈbjarits
Tskhinvali,tsxʲɪnˈval(ʲɪ)
Molokan,məlɐˈkan
Belgrade,beǒɡrad
Malta,ˈmɐltɐ
Riccione,arˈtsoːŋ
Ahuitzotl,aːˈwit͡sot͡ɬ
Éire,ˈeːɾʲə
Hunedoara,ˈvɒjdɒhuɲɒd
Maui,ˈmɐwwi
Whangarei,faŋaˈɾɛi
Söğüt,søʲyt
Scampia,ʃkamˈbiːə
Cuorgnè,kwərˈɲɛ
Reșița,ˈreʃit͡sa
Plovdiv,ˈpɫovdif
Amdo,antwó
Poznań,ˈpɔznaj̃
Arlon,ˈaːrlə(n)
Meuse,ˈmaːs
Ziemassvētki,z̪iemas̪s̪veːt̪ki
Bosporus,bós.po.ros
Caernarfon,kaɨrˈnarvɔn
Viano,vjaːŋ
Islamabad,ɪsˌlɑːmɑːˈbɑːd
Kakheti,kʼɑxɛtʰi
Wales,ˈkəmri
Lebanon,elˈʒʊmhuːɾɪjje lˈlɪbnɛːnɪjje
Subud,ˈsʊbʊd
Sunnah,sunan
Farang,falàŋ
Carpatho-Ukraine,kɐrˈpɑtsʲkɐ ukrɐˈjinɐ
Thoran,t̪oːɾan
Sorrento,surˈrjendə
Ljubljana,luˈblàːna
Mashhad,mæʃˈhæd
Chile,ˈtʃile
Bretons,breˈtɔ̃nɛt
Rajshahi,radʒ.ʃaɦi
Timișoara,ˈtɛmɛʃvaːr
Cimabue,t͡ʃiˈmaː.bu.e
Çatalhöyük,tʃaˈtaɫhøjyk
Gennargentu,ɡennaɾˈɡentu
Metohija,ˈrafʃi i dukaˈɟinit
Zytglogge,ˈtsiˌkːlɔkːə
Wessex,westsæɑksnɑ riːt͡ʃe
Salegy,ˈsaleɡʲ
Port-au-Prince,pɔtopɣɛ̃s
Kazakhstan,kəzɐxˈstan
Wrocław,ˈbʁɛslaʊ
Röstigraben,ˈrøːʃtiˌɡrabə
Fáilte,s̪t̪ɾaːxk
Timișoara,ˈtɛmɛʃvaːr
Cyprus,ˈkɯbɾɯs
Bethlehem,bɛːtʰle.ém
Osijek,ôsijeːk
Akershus,²ɑːkəʂˌhʉːs
Jakarta,dʒaˈkarta
Vlorë,ˈvlɔːɾə
Arviat,aʁviˈat
Jāņi,jɑːɲi
Tavisupleba,tʰɑwisupʰlɛbɑ
Bethlehem,bɛːtʰle.ém
Yugoslavia,juɡɔˈsɫavija
Silkeborg,ˈselɡəˌbɒːˀ
Lindlar,ˈleŋ²kəln
Mampikony,mampiˈkunʲ
Brescello,bɐrˈsɛl
Legnica,lɛɡˈɲit͡sa
Ambilobe,amˌbilʷˈbe
Arzon,aʁxɔ̃n rewis
Chicomecōātl,t͡ʃikomeˈkoːaːt͡ɬ
Kęstutis,kæːsˈtutɪs
Molde,²mɔldə
Vitoria-Gasteiz,ɡas̺teis̻
Delhi,dɪlliː
Ghent,ɡɑ̃
Odessa,ɐˈdʲesə
Fuero,foɾu
Morbihan,morˈbiˑãn
Romania,romɨˈni.a
Elbe,ˈɛlbə
Cimabue,t͡ʃiˈmaː.bu.e
Ventspils,ˈvæntspils
Simferopol,sʲimfɛˈrɔpɔlʲ
Empedocles,empedoklɛ̂ːs
Munster,ˌkuːɟə ˈmˠuːn̪ˠ
Fasces,ˈfa.skeːs
Amman,ʕamːaːn
Omegna,ʊˈmɛɲa
Coggia,ˈkoja
Białystok,bʲaˈwɨstɔk
Opatija,ɔpǎtija
Congkak,ˈtʃɔŋkaʔ
Cagliari,kasˈteɖːu
Fynbos,ˈfɛi̯nbos
Kandy,ˈkaɳɖi
Escalaplano,(i)skaleˈβɾanu
Nuoro,ˈnuɣoɾo
Belarus,bʲɛlaˈrusʲ
Venice,veˈnɛsja
Visby,ˈviːsbʏ
Szczecin,stɛˈtiːn
Aust-Agder,²æʉstˌɑɡdər
Pahang,paˈhaŋ
Volkssturm,ˈfɔlks.ʃtʊɐ̯m
Ozurgeti,ɔzurgɛtʰi
Caransebeș,ˈkɒraːnʃɛbɛʃ
Botha,ˈbʊəta
Ansbach,ˈansbax
Carpineti,karpˈnɛi̯da
Aachen,ɛkslaʃapɛl
Shkumbin,ʃkumbin
Caltagirone,kaltaddʒɪˈɾuːnɪ
Coimbatore,koːʋaj
Serbia,repǔblika sř̩bija
Afyonkarahisar,afjonkaɾahiˈsaɾ
Brandenburg,ˈbʁandn̩bʊɐ̯k
Aachen,ɛkslaʃapɛl
Kamadhenu,kaːməˈd̪ʱeːnʊ
Celje,ˈtsɛːljɛ
Basel,baziˈlɛːa
Flamenco,flaˈmeŋko
Wellington,tɛ ˈfaŋanʉi a taɾa
Klaipėda,ˈkɫɐɪˑpʲeːdɐ
Goryeo,ko.ɾjʌ
Lushnjë,ˈluʃɲe
Tashkent,tɐʂˈkʲɛnt
Delft,dɛlft
Godzilla,ɡoꜜdʑiɾa
Ramadan,ramaˈdˤaːn
Anamudi,aːnɐmʊɖi
Franschhoek,fransˈɦuk
Babadag,babaˈdaɡ
Moldavia,molˈdova
Fianna,əɲ ˈeːɲə
K'in,kʼin
Kōwhai,kɔːfai
Salerno,saˈljərnə
Lima,ˈlima
Perestroika,pʲɪrʲɪˈstrojkə
Friesland,ˈfrislɔːn
Lutefisk,ˈlipeæˌkɑlɑ
Bildungsroman,ˈbɪldʊŋs.ʁoˌmaːn
Allah,ɑɫˈɫɑː(h)
Samhain,ˈs̪ãũ.ɪɲ
Māras,mɑːras̪
Uaxactun,waʃakˈtun
Pitjantjatjara,ˈpɪɟanɟaɾa
Milan,miˈlaːno
Enniskillen,ˈɪnʲɪʃ ˈcɛlʲən̪ˠ
Tabriz,tæbˈriːz
Ambanja,amˈbandzə̥
Terrone,terˈroːne
Rhône,ˈrɔze; ˈʀɔze
Chiavari,ˈkjavari
Tarragona,taraˈɣona
Apulia,ˈpuʝːə
Kalaw,ka lɔ
Sambava,samˈbav
Haiphong,ha᷉ːj fâwŋ͡m
Gijón,ʃiˈʃoŋ
Perak,peraʔ
Granthi,ˈɡɾəntʰi
Ashgabat,pəltɐˈratsk
Portugal,ʁɛˈpuβlikɐ puɾtuˈɣezɐ
Xcaret,ʃka'ɾet
Stepanakert,əstɛpʰanaˈkɛɾt
Akranes,ˈaːkraˌnɛːs
Ettelbruck,ˈætəlbʀek
Atyrau,ˈɡurʲjɪf
Labasa,lamˈbasa
Crac'h,krax
Höhner,də ˈhøːnɐ
Bocșa,ˈbokʃa
Shabbat,'ʃa.bəs
Ulster,ˈkuːɟə ˈul̪ˠə
Shah,ʃɒːh
Hindko,hɪnd̪koː
Mälaren,²mɛːlarɛn
Wiphala,wɪˈpʰɐlɐ
Mozambique,ʁɛˈpuβlikɐ ðɨ musɐ̃ˈbikɨ
Uppsala,²ɵpːˌsɑːla
Suceava,suˈt͡ʃe̯ava
Aguardiente,agwɐʁˈdẽtʃi
Allah,ɑɫˈɫɑː(h)
Jacobitism,ˈʃeːməs̪əxəs̪
Amsterdam,ɑmstərˈdɑm
Vigo,ˈbiɣo
Aachen,ɛkslaʃapɛl
Umqombothi,um̩k͡ǃomboːtʰi
Gascony,ɡasˈkuɲɔ
Leleuvia,leleuˈβia
Jelgava,jælɡava
Athens,a.tʰɛ̂ː.nai̯
Ventimiglia,venteˈmiʎɔ
Madri,mɑːd̪rə
Amharic,amarɨɲːa
Beowulf,ˈbeːo̯wulf
Luzon,luˈson
Cantù,kãˈtyː
Bhopal,bʱoːpaːl
Charybdis,kʰárybdis
Monopoli,məˈnɔːpələ
Belvaux,ˈbiə̯ləs
Trabzon,ˈtɾɑbzon
Toruń,ˈtɔruɲ
Adana,aˈda.na
Echternach,ˈiə̯ɕtɐnɑχ
Spain,esˈpaɲa
Soča,iˈzontso
Podgorica,the name of a hillock overlooking the city
Giza,el ˈgiːze
Bolivia,wʊlɪwja
Gawain,ˈɡawain
Rumelange,ˈʀəməleŋ
Cynegils,kyneɣɪls
Benin,benɛ̃
Fuerteventura,fweɾteβenˈtuɾa
Amaethon,aˈmɛɨ̞θɔn ˈvaːb ˈdoːn
Yugoslavia,juɡɔˈsɫavija
Siġġiewi,sɪdʒˈʒiːwɪ
Whanganui,ɸaŋanui
Ramanuja,raːmaːnud͡ʑə
Cuauhtémoc,kwauˈtemok
Avignon,aviˈɲun
Anime,aɲime
Iwi,ˈiwi
Rhône,ˈrɔze; ˈʀɔze
Krishna,ˈkr̩ʂɳə
Maastricht,məˈstʀeˑx
Ramen,ɾaꜜːmeɴ
Gdańsk,ˈdantsɪç
Alessandria,liˈsɑŋdrja
Mogilev,məɡʲɪˈlʲof
Urdu,ˈʊrduː
Lviv,lvuf
Morombe,murumˈbe
Savona,ˈsaŋˑa
Finistère,ˌpɛnarˈbeːt
Lozère,luˈzeɾɔ
Rotterdam,ˌrɔtərˈdɑm
Chernobyl,10 mi
Oudtshoorn,ˈɵʊtsˌɦʊərən
Surtsey,ˈsʏr̥tsei
Seax,ˈsæɑks
Alseno,ɐlˈsəi̯
Sartène,sarˈtɛ
Abacá,ɐbɐˈka
Kochi,koˈtʃːi 
Albania,ɾɛpuˈblika ɛ ʃcipəˈɾiːsə
Overath,ˈɔvəˌʁɔːt
Basel,baziˈlɛːa
Bertrange,ˈbɑχtʀæŋ
Fiqh,fɪqh
Eifel,ˈæːɪ̯fəl
Berat,ˈbɛ:rat
Corcovado,koʁkoˈvadu
Amsterdam,ɑmstərˈdɑm
